Edad,Ingreso Mensual,Gasto Mensual,Ahorros,Deuda Total
76,6113,3862.7997852784156,2250.2002147215844,12589
33,9419,5132.54525114479,4286.45474885521,8391
35,3881,2168.3778823170546,1712.6221176829454,19324
66,3865,1995.0279548236226,1869.9720451763774,19874
35,3575,2845.1627865706805,729.8372134293195,13350
18,7185,5487.764145632408,1697.2358543675919,7899
36,9656,4382.492386251183,5273.507613748817,306
71,6741,2398.4273234260518,4342.572676573948,3075
78,1277,919.2897762986479,357.7102237013521,18040
25,1065,850.4931588841982,214.50684111580176,7244
20,5262,2348.454000218307,2913.545999781693,6611
75,6704,3210.4950714216,3493.5049285784,19076
42,9594,7395.214371584519,2198.7856284154814,14134
75,8989,5892.871618664888,3096.128381335112,18148
22,7255,3248.92804853063,4006.07195146937,275
72,8441,4984.606716463764,3456.3932835362357,5271
57,5692,4394.8773828706735,1297.1226171293265,7331
36,5419,3825.307613269587,1593.692386730413,11553
35,8960,6011.410557504395,2948.589442495605,11573
67,7078,4731.629947201933,2346.3700527980673,19844
70,2437,948.0177651501314,1488.9822348498687,10072
48,9620,6852.716760686374,2767.283239313626,16017
50,8032,3518.492427892928,4513.507572107072,18228
64,6731,5150.448987167598,1580.5510128324022,16455
35,4378,2111.596940329171,2266.403059670829,7386
78,9584,6985.108622626493,2598.8913773735067,6862
74,7347,3182.1087421111433,4164.891257888857,7340
56,7401,4124.306928822581,3276.6930711774194,9487
33,7629,2696.4139596430214,4932.586040356979,15061
33,5541,3491.1594207509006,2049.8405792490994,7635
64,8876,6373.319823190428,2502.680176809572,14604
55,9533,6284.378966327966,3248.621033672034,17427
58,9324,5236.63118732002,4087.36881267998,3042
24,1264,407.71323527612236,856.2867647238777,17198
31,2434,1866.1977057269346,567.8022942730654,10386
60,6327,4129.916186928511,2197.083813071489,11692
70,6097,4102.867130656718,1994.1328693432824,15225
65,2660,1854.9251654293735,805.0748345706265,16693
42,6692,4509.549503153785,2182.450496846215,6661
49,3354,1745.9518071929058,1608.0481928070942,10253
55,9457,6306.030819788056,3150.969180211944,18261
39,7461,4569.962431926432,2891.037568073568,18870
76,8044,5848.05369401586,2195.94630598414,11937
33,6497,4555.890710123448,1941.1092898765519,794
69,5549,1779.4932241554125,3769.5067758445875,14598
46,7334,3589.5789602496634,3744.4210397503366,6786
33,7010,2224.6801134045504,4785.319886595449,4014
29,5926,2080.248002081948,3845.751997918052,7392
34,7065,4243.983375477756,2821.0166245222435,12545
54,3179,2342.639784737402,836.3602152625981,5353
44,5967,2147.5971676090985,3819.4028323909015,3407
42,1634,858.7399478604012,775.2600521395988,17358
30,4631,3498.4401040793205,1132.5598959206795,16053
25,5677,4014.4933421518017,1662.5066578481983,13189
73,3218,1801.5456454136813,1416.4543545863187,11213
22,2389,1638.3420842782887,750.6579157217113,7248
29,5276,2961.6661759294884,2314.3338240705116,4369
58,2249,852.4748332745634,1396.5251667254365,8050
20,8640,3130.8600091176536,5509.139990882346,16848
52,6712,2645.763786817086,4066.236213182914,5415
50,2245,1067.4100515989753,1177.5899484010247,15398
74,9245,7074.871539823151,2170.1284601768493,8115
39,1442,1009.1681362442466,432.8318637557534,287
67,7976,4118.812626170554,3857.187373829446,3195
73,5675,3101.6051640222413,2573.3948359777587,18376
61,8953,3874.900737243706,5078.099262756294,7450
26,5377,3506.752923475322,1870.247076524678,2925
58,8058,5651.742890320551,2406.257109679449,14515
35,1822,764.2421777531622,1057.7578222468378,17504
67,3939,1264.0676880474434,2674.9323119525566,5310
46,8096,4954.3024419237045,3141.6975580762955,16830
56,6765,3932.1972429752086,2832.8027570247914,11760
44,2031,1017.6641879318239,1013.3358120681761,14896
53,1562,971.481168524877,590.518831475123,19280
62,1340,770.9109096500462,569.0890903499538,17105
34,5567,2367.5938184499355,3199.4061815500645,18547
73,8862,4420.937090984283,4441.062909015717,10774
51,3296,1694.3311629434543,1601.6688370565457,15457
63,1234,913.3130125914228,320.68698740857724,9543
20,6202,4840.3637819539035,1361.6362180460965,3980
22,2291,1710.2330606251874,580.7669393748126,11576
31,5727,3777.466271872843,1949.5337281271568,18109
20,9720,5759.064685324293,3960.9353146757066,3413
40,3939,2539.2007910501984,1399.7992089498016,494
56,6435,4952.083917707427,1482.9160822925733,947
47,7981,3391.9199529107004,4589.080047089299,22
67,6392,3627.8451425242015,2764.1548574757985,1128
62,8972,5785.181573235829,3186.818426764171,13986
78,2233,1428.2792769785526,804.7207230214474,16161
40,3800,1619.3300231959893,2180.6699768040107,16160
44,3775,2239.9557579481566,1535.0442420518434,16941
71,7044,4916.40608760379,2127.59391239621,9808
27,4487,2411.939691742722,2075.060308257278,6998
42,8383,5840.008888482748,2542.9911115172517,7182
30,4850,2327.7152995547954,2522.2847004452046,18040
33,5997,4613.972241300531,1383.027758699469,8998
58,1890,1071.5623762716505,818.4376237283495,3312
51,6920,4137.979909742446,2782.0200902575543,13329
72,2188,690.7095562722197,1497.2904437277803,15802
54,6644,2558.8340735411903,4085.1659264588097,11167
78,1740,1072.6524760098089,667.3475239901911,2324
39,2369,1208.0364553761003,1160.9635446238997,9639
34,3000,1662.245685687262,1337.754314312738,13338
40,2471,819.1011754904869,1651.8988245095131,10753
71,2536,1818.4834823043673,717.5165176956327,5984
53,1318,912.3891919132071,405.6108080867929,18895
66,6153,2416.14150630827,3736.85849369173,15142
26,2894,1786.0745799514282,1107.9254200485718,11063
69,8991,6376.036033991778,2614.963966008222,362
19,9592,5951.136438249217,3640.8635617507834,3454
49,6935,3156.8053954383417,3778.1946045616583,19182
73,1723,1082.1397561369408,640.8602438630592,3255
67,3329,1349.0135790187067,1979.9864209812933,17601
70,3770,1730.9106698717083,2039.0893301282917,17869
76,8545,3589.1975929004207,4955.80240709958,5349
39,5846,3381.6920742865736,2464.3079257134264,7195
60,1267,448.661580725975,818.338419274025,10047
30,1569,1202.8819933832717,366.1180066167283,7750
25,2973,1387.6661137198514,1585.3338862801486,9399
76,9737,3987.156063814594,5749.843936185406,13686
18,3822,2095.5066937930997,1726.4933062069003,8035
34,5460,2394.204044381375,3065.795955618625,1507
29,1270,720.6640948529791,549.3359051470209,17387
21,8641,4098.0337816335,4542.9662183665,14776
70,9930,3634.7117154682874,6295.288284531713,17309
30,7680,3325.037729384686,4354.962270615314,6583
48,2257,1171.879365039081,1085.120634960919,3927
78,9250,2915.1061724682686,6334.893827531731,17369
58,6370,4365.496448542017,2004.5035514579831,15797
76,5858,3578.7241496853276,2279.2758503146724,4231
79,9581,5755.113198666956,3825.886801333044,5302
24,9910,5678.677412479105,4231.322587520895,5291
40,7999,4760.657532714112,3238.3424672858882,908
41,1120,859.4050935160434,260.5949064839566,15123
22,7908,2406.2826595456686,5501.717340454332,12877
22,3303,1069.8412204997728,2233.158779500227,14239
34,5861,2319.4714378022163,3541.5285621977837,2586
47,3911,1500.4578485766049,2410.542151423395,9335
26,9991,3902.456922278302,6088.543077721698,15640
23,8236,5237.864921924742,2998.135078075258,17715
42,6565,3477.753935697168,3087.246064302832,10534
36,7531,5993.843366369287,1537.1566336307133,1806
33,2109,871.9511971597053,1237.0488028402947,10292
38,7929,3610.9859355235026,4318.014064476498,17189
19,2250,1782.2708064018552,467.7291935981448,10967
27,9177,6569.62222907111,2607.3777709288897,16455
33,2649,1416.9490677887165,1232.0509322112835,27
54,8351,4821.01929559728,3529.98070440272,8660
32,6911,4986.90130481589,1924.0986951841096,7055
30,3956,2138.178926679637,1817.8210733203632,9616
30,6828,2751.764992309236,4076.235007690764,10440
49,5994,4281.048282047493,1712.9517179525074,3832
62,7436,4230.238122562841,3205.7618774371585,15970
64,9676,3643.220085078567,6032.779914921433,13107
63,8614,4761.7581749112005,3852.2418250887995,13777
25,9994,5062.977292842504,4931.022707157496,15954
60,2715,2004.8137370294864,710.1862629705136,16943
35,9150,3321.703598475218,5828.296401524782,7957
73,4483,3306.682776670249,1176.317223329751,12666
53,8675,4824.215285414609,3850.784714585391,10110
43,2757,1384.516366729012,1372.483633270988,7344
27,2809,1070.1829104939297,1738.8170895060703,16462
48,6539,4253.024328847162,2285.975671152838,13696
50,7048,5380.466842903783,1667.533157096217,1031
46,2151,1049.0183441187185,1101.9816558812815,18456
22,6492,2731.7849121775253,3760.2150878224747,15090
30,7711,4452.58939849025,3258.4106015097504,15816
18,7302,5097.47489773206,2204.5251022679404,17868
40,5747,1734.9264702909566,4012.073529709043,10437
57,9402,5788.705328494913,3613.2946715050866,15453
20,5681,3398.703699984461,2282.296300015539,14258
20,3507,1609.9798578075945,1897.0201421924055,1550
24,3963,2083.3946816432485,1879.6053183567515,12977
53,4428,1875.1765782942714,2552.823421705729,4682
52,8494,5902.8447290814765,2591.1552709185235,14439
32,4955,3058.5602974145313,1896.4397025854687,18213
57,4705,2664.704090846713,2040.295909153287,3751
20,5038,2500.173493814507,2537.826506185493,12914
46,1713,763.470726626757,949.529273373243,10223
47,8260,5875.901687359371,2384.098312640629,15398
56,8011,4211.41342392166,3799.58657607834,6601
35,9879,5440.599530307943,4438.400469692057,3856
28,9521,5335.7051717392005,4185.2948282607995,12661
60,2746,1439.4078023475543,1306.5921976524457,15591
66,2207,944.6935783541006,1262.3064216458993,6182
77,1784,642.5436726968023,1141.4563273031977,7970
55,3696,1290.8968697259847,2405.1031302740153,15154
57,8073,5479.397475464689,2593.602524535311,2094
18,6036,2485.406967705961,3550.593032294039,12095
46,8127,2664.3264835654795,5462.673516434521,19416
27,4718,3296.743562395595,1421.2564376044052,13672
45,6775,2554.383849065445,4220.616150934555,17932
74,8910,5458.025838672092,3451.9741613279084,14228
48,3693,1733.2048007284793,1959.7951992715207,8559
36,1625,590.265208561689,1034.734791438311,64
20,4708,2388.088225164763,2319.911774835237,3299
53,7859,2415.8914198206503,5443.10858017935,4849
60,9953,7171.3603554737565,2781.6396445262435,5639
32,8692,4839.262139991712,3852.7378600082884,18419
50,7398,2734.1528803485508,4663.847119651449,11055
58,8252,3453.380793672951,4798.619206327049,18612
60,2555,1338.7883079569676,1216.2116920430324,16980
68,9867,3891.8871001205093,5975.11289987949,19990
62,5187,2252.7119253530664,2934.2880746469336,10866
43,8767,4972.579120825276,3794.420879174724,3889
33,1036,742.0914687538836,293.90853124611635,19890
53,2787,1396.0636020089046,1390.9363979910954,15458
50,7283,4795.765458645246,2487.2345413547537,17779
37,9060,6689.379486976737,2370.620513023263,452
30,9065,3699.884011892354,5365.1159881076455,10995
50,4880,3433.5484077812707,1446.4515922187293,2631
22,6932,4704.756019415341,2227.243980584659,2186
54,9328,4463.155557630102,4864.844442369898,5967
31,7333,5827.974931509929,1505.0250684900711,4348
44,6759,2915.0633292678167,3843.9366707321833,1459
40,7485,3199.1012231236205,4285.89877687638,1942
31,6067,4162.7481759754755,1904.2518240245245,14896
57,1661,859.2829026414255,801.7170973585745,14407
21,8973,4176.01174408515,4796.98825591485,15622
56,7386,2875.601740117307,4510.398259882693,14557
69,8887,6066.854656857647,2820.1453431423533,16445
36,1414,980.1295169382065,433.8704830617935,17878
64,7850,4578.763712678301,3271.236287321699,17564
71,9534,7423.713994083275,2110.286005916725,13093
21,3729,1711.9154177030389,2017.0845822969611,2788
47,4897,2006.837232856157,2890.1627671438428,10400
36,3169,2024.1460953766548,1144.8539046233452,16489
48,2878,1954.750034110775,923.249965889225,3925
48,7454,3074.4245522466417,4379.575447753358,18292
26,5570,1884.3609784672003,3685.6390215327997,18433
70,2515,1773.7244818823629,741.2755181176371,14568
30,1574,1240.7070532594119,333.29294674058815,12656
31,3867,2406.5738651207616,1460.4261348792384,9466
72,4544,1994.5135971269274,2549.4864028730726,3904
77,5477,4372.487938521821,1104.512061478179,15467
63,1071,799.64428372102,271.35571627898,10419
71,3980,2215.627486097785,1764.372513902215,16676
27,6492,4626.592890596592,1865.407109403408,10414
65,5759,4076.855196735713,1682.144803264287,12165
48,9084,6971.056920257035,2112.943079742965,10683
54,1039,748.5599368403125,290.4400631596875,15442
40,6373,3962.9838853775045,2410.0161146224955,4860
44,8565,5178.843176431244,3386.1568235687564,3729
23,2900,1547.6680680808372,1352.3319319191628,14400
43,3217,1972.8021518929631,1244.1978481070369,8619
19,5796,4043.337667765049,1752.662332234951,11164
62,5606,4398.012466526056,1207.9875334739436,6110
78,2283,1218.3085193648901,1064.6914806351099,6955
30,9775,5736.230029607551,4038.769970392449,106
68,9650,5041.186513658622,4608.813486341378,4754
67,1815,1151.153423542439,663.846576457561,11525
77,3511,2159.125444879541,1351.8745551204588,6408
36,1246,384.9104512906273,861.0895487093727,7635
18,5825,3323.633040880668,2501.366959119332,1225
57,7516,2587.333754036895,4928.666245963105,12196
49,1416,443.4796015479211,972.5203984520789,4250
39,7702,5357.5002711881725,2344.4997288118275,15372
65,4717,2025.1256999027103,2691.87430009729,17279
46,1107,520.6525852785202,586.3474147214798,12097
19,5513,1830.5491657306084,3682.4508342693916,18004
57,2421,943.5850653284115,1477.4149346715885,12055
55,8283,5655.652354814648,2627.347645185352,5419
65,1255,686.1905959709695,568.8094040290305,17769
72,8248,6106.276739556813,2141.7232604431874,15713
28,3962,1975.5366624358005,1986.4633375641995,11784
34,3282,1425.537907372754,1856.462092627246,2433
72,9744,4616.706296042547,5127.293703957453,10998
68,9372,6151.648624420213,3220.3513755797867,11575
60,2477,1430.4745251862607,1046.5254748137393,1301
77,9762,7341.9572840634,2420.0427159366,6858
25,5952,3577.6542577013165,2374.3457422986835,8950
39,6880,3759.98263717637,3120.01736282363,8938
21,6592,4567.440977930672,2024.5590220693284,5644
28,8091,6260.548193142152,1830.4518068578482,11078
25,1591,760.375422395374,830.624577604626,9260
26,7277,3092.2745906870905,4184.7254093129095,14690
43,3260,1982.4343559594467,1277.5656440405533,3307
19,1347,740.0908450471388,606.9091549528612,16488
33,9357,7435.004712004889,1921.9952879951106,395
48,6032,3204.0831409895636,2827.9168590104364,19901
23,5443,1835.1933170271811,3607.8066829728186,10845
70,9774,7708.602600020306,2065.3973999796935,3291
38,7869,5679.792837437783,2189.2071625622166,18394
43,6696,2605.5814819712614,4090.4185180287386,13138
76,4038,3037.798006034883,1000.2019939651168,4537
36,3845,1808.431963029804,2036.568036970196,9860
45,8864,4330.560315456658,4533.439684543342,17435
25,7609,5731.066394646835,1877.9336053531651,19225
31,2265,1279.8558774024948,985.1441225975052,6618
41,3274,1207.7179154253765,2066.2820845746237,4723
65,3470,1681.3124364580299,1788.6875635419701,19968
61,3577,2364.571282650105,1212.4287173498951,14837
54,4660,1803.849158198479,2856.150841801521,8539
73,2068,1230.699058118175,837.3009418818251,1263
43,6591,4268.575905118326,2322.424094881674,13305
48,6974,3291.2174179169742,3682.7825820830258,10934
73,5829,3771.015267240405,2057.984732759595,10265
68,2950,2189.205843948245,760.7941560517552,16339
49,9283,4976.229868358588,4306.770131641412,1351
67,4093,2011.5239401199312,2081.4760598800685,7190
58,6311,2685.8303354860705,3625.1696645139295,19030
19,2387,1437.2192402168534,949.7807597831466,16650
42,5274,3902.369850678094,1371.6301493219062,10885
69,3285,1518.7561313516812,1766.2438686483188,7434
61,4206,2095.083308101949,2110.916691898051,1022
78,3924,1974.9992654330683,1949.0007345669317,2037
19,8045,4669.367644800062,3375.6323551999376,8756
59,9471,3922.9306375026054,5548.069362497395,13558
18,2618,1861.674402297785,756.325597702215,17443
53,9562,4281.874488747682,5280.125511252318,1424
74,6896,4500.890558211759,2395.1094417882414,4123
29,8843,4922.083402278288,3920.9165977217117,16603
26,8063,4780.946187916639,3282.0538120833608,405
53,9495,3701.1924875826203,5793.807512417379,9829
58,2348,1567.317234661172,780.682765338828,18702
45,6556,2585.0980614217447,3970.9019385782553,9951
55,6289,2243.5178535194823,4045.4821464805177,8983
50,3422,1961.9686243097146,1460.0313756902854,17693
59,4628,3029.7135748274773,1598.2864251725227,12025
78,3428,1114.161423649173,2313.8385763508268,4929
63,4033,1349.835652577603,2683.164347422397,9522
39,7157,5019.487383743131,2137.5126162568686,12638
42,9860,6946.531208571147,2913.4687914288534,8702
78,9691,4095.924006509778,5595.075993490222,10764
35,8813,5354.903075639097,3458.0969243609034,12121
23,2414,1259.118350699604,1154.881649300396,14219
35,7708,4750.810543569139,2957.1894564308614,1617
69,9721,7110.324760364283,2610.675239635717,10248
33,7635,2595.3519008427643,5039.648099157235,17904
32,4621,3183.833016246324,1437.166983753676,1583
65,6315,3451.239397525182,2863.760602474818,6704
25,1754,1020.9393296792709,733.0606703207291,7988
30,3347,2098.454130988651,1248.5458690113492,17959
72,1726,1314.0237776984197,411.97622230158026,9953
60,5923,1944.8761424434717,3978.1238575565285,2613
77,3649,1148.4796044510547,2500.520395548945,3892
78,3815,1484.5343481898353,2330.4656518101647,12336
74,4279,3394.2049098342027,884.7950901657973,6733
24,3984,2619.632123816529,1364.3678761834708,4431
34,4807,2919.389929647495,1887.6100703525049,17765
67,8876,2871.559319054651,6004.4406809453485,3515
49,7099,5250.101739708079,1848.8982602919214,4454
39,1607,1135.1501316242677,471.8498683757323,7769
72,7169,4533.675757241565,2635.3242427584346,8384
68,8790,4127.479934055268,4662.520065944732,13727
74,6573,2203.614536475078,4369.385463524923,3534
30,1634,964.0914446150537,669.9085553849463,755
64,2074,1368.5232706048885,705.4767293951115,18909
40,2914,1011.5081906453495,1902.4918093546505,17211
79,1588,979.6115218800057,608.3884781199943,18717
71,4231,1875.107416615284,2355.892583384716,8302
46,7351,5014.279635093418,2336.7203649065823,12907
39,4838,2756.7307426058437,2081.2692573941563,8984
18,2973,1083.713185080214,1889.286814919786,14385
46,6044,3404.341771049839,2639.658228950161,7181
65,7103,3536.3594702469013,3566.6405297530987,13445
22,7683,2997.7374521539655,4685.262547846034,12875
75,6837,4927.821502706368,1909.178497293632,3414
52,7783,2377.8172073343885,5405.1827926656115,15005
72,6594,3007.2869288671154,3586.7130711328846,9501
27,4822,1476.966637026488,3345.0333629735123,14245
36,4389,1527.3872441077522,2861.612755892248,6457
54,6914,3101.261629681341,3812.738370318659,6749
24,2780,909.4369476912293,1870.5630523087707,296
63,4688,2804.9019678451386,1883.0980321548614,9821
52,8211,2819.9156687372733,5391.084331262727,16952
62,6037,3929.222604428508,2107.777395571492,5283
30,7319,2388.343811159096,4930.656188840904,13119
27,9640,3177.8688729412866,6462.131127058714,7664
19,1081,489.32864842748046,591.6713515725196,7511
23,7278,5446.0237793632,1831.9762206367996,5465
25,7999,4964.952298268905,3034.047701731095,12557
53,2406,1648.2679441904902,757.7320558095098,4382
42,8410,3118.226620351231,5291.773379648769,16449
61,2480,1778.315537226585,701.6844627734149,17263
77,4598,1398.1282245985465,3199.8717754014533,9408
64,8993,3655.912377570962,5337.087622429039,13690
57,5183,3151.503250260208,2031.496749739792,5069
24,4680,2282.076596110078,2397.923403889922,19623
63,8644,6846.883839007631,1797.1161609923693,11672
40,5310,1673.5507003026348,3636.449299697365,16891
36,2758,2204.466873584493,553.533126415507,7704
63,3599,2201.918285233938,1397.0817147660619,17509
39,6616,3833.0027381238874,2782.9972618761126,17269
30,6813,2246.6291355941785,4566.3708644058215,19225
78,4853,2119.1325192297836,2733.8674807702164,7975
38,3292,2509.5947849279664,782.4052150720336,12069
18,2501,1193.28462698815,1307.71537301185,6565
76,9422,5943.648227401219,3478.3517725987813,4870
36,8550,6837.846898040035,1712.1531019599652,18909
78,5250,2265.5579988130453,2984.4420011869547,9117
77,7991,4699.0311521024105,3291.9688478975895,1938
50,1114,722.1158505351328,391.88414946486716,11554
21,5406,2066.787447466317,3339.212552533683,3232
59,3347,1252.9035353455606,2094.0964646544394,3465
20,2041,1077.962223847166,963.0377761528341,440
44,7927,3907.267929992943,4019.732070007057,16845
69,1011,664.3359033313722,346.66409666862785,5413
58,8980,3006.094383804152,5973.905616195848,11663
52,8871,6973.345059601832,1897.654940398168,5755
45,7375,2265.146369966507,5109.853630033493,5012
23,8098,4864.131821737076,3233.8681782629237,19547
23,4676,2718.2350091379535,1957.7649908620465,16126
72,7109,2611.54706537644,4497.4529346235595,6752
74,6397,2401.804770709225,3995.195229290775,5
61,4065,2830.616993942579,1234.383006057421,4776
40,3036,2258.119811870453,777.8801881295472,7038
79,4046,1786.3433219828657,2259.6566780171343,6414
50,1540,799.2322522511777,740.7677477488223,3970
33,1076,513.7873320786342,562.2126679213658,11050
41,4067,1367.6243509083565,2699.3756490916435,2606
22,1023,651.2439718370864,371.7560281629136,16482
58,6134,4371.066731049052,1762.9332689509483,525
59,1675,757.8364618151359,917.1635381848641,6337
30,7668,6096.733992780174,1571.266007219826,1180
64,5267,1779.8550761030817,3487.144923896918,13057
29,6988,4408.696754067935,2579.303245932065,5922
22,8652,4534.63439083986,4117.36560916014,3071
54,9680,5065.553201356214,4614.446798643786,2792
48,2485,1314.1246779216735,1170.8753220783265,13844
45,4659,2000.2991920704276,2658.7008079295724,14
45,3419,2248.954653324451,1170.045346675549,18799
47,8740,5775.289418991568,2964.710581008432,2685
35,8143,3592.6798337958744,4550.320166204126,16212
61,4495,3225.851270779367,1269.148729220633,9428
44,1756,804.9898605249897,951.0101394750103,8159
52,9448,6259.739917712425,3188.2600822875747,4100
43,2779,1001.8291769580163,1777.1708230419836,6374
74,7487,2877.634599835822,4609.365400164178,6004
56,1258,576.0354603956899,681.9645396043101,5521
66,5075,3029.4546854571986,2045.5453145428014,11412
68,9498,5914.934044538343,3583.065955461657,11755
77,9014,4490.577267057409,4523.422732942591,19681
35,2118,717.8316631440343,1400.1683368559657,19017
50,8631,4201.720341106152,4429.279658893848,3890
42,4017,2588.4895558039557,1428.5104441960443,17175
73,5341,3394.1933789485083,1946.8066210514917,9191
48,2658,1010.3010331500334,1647.6989668499666,151
54,9378,2849.899036591187,6528.100963408813,19447
76,2797,1892.1447917886192,904.8552082113808,13861
77,1784,630.0804044156374,1153.9195955843625,18475
19,6691,2282.799061132517,4408.200938867483,15032
50,4196,1264.4671529180748,2931.532847081925,4599
56,9532,4921.377919510715,4610.622080489285,12274
78,1562,861.6491066035361,700.3508933964639,12218
60,5746,3555.808804584901,2190.191195415099,2977
60,3999,1791.6796495048154,2207.3203504951844,17226
49,2193,1436.8807015181042,756.1192984818958,3793
35,1068,410.8232118553068,657.1767881446932,1659
34,6679,4782.1307823620045,1896.8692176379955,5162
51,3428,2008.5480357182237,1419.4519642817763,10705
56,7200,4262.003364139375,2937.9966358606252,16040
24,6396,2589.6617732655877,3806.3382267344123,4270
59,7993,2694.0756165790017,5298.924383420998,13286
71,4598,2447.802322282463,2150.197677717537,3603
70,1573,956.0788001869353,616.9211998130647,13772
52,5214,1811.9861177310142,3402.013882268986,17600
47,8636,6695.207861012624,1940.7921389873763,2291
29,2478,1958.1333923284478,519.8666076715522,13123
52,7127,4081.8349340311447,3045.1650659688553,3811
28,7676,5949.165417939334,1726.8345820606664,13347
78,3196,1245.553489654203,1950.446510345797,13851
61,9166,2866.3030001777624,6299.696999822238,15513
74,9846,3147.8131422345896,6698.18685776541,5142
21,7050,4185.981489979396,2864.0185100206036,12194
42,5650,1869.1383207090264,3780.8616792909734,7526
65,9484,7390.623267559821,2093.376732440179,19362
49,5526,2049.9614613282183,3476.0385386717817,13513
37,5412,2448.17991317936,2963.82008682064,12084
67,6443,4582.64109913768,1860.3589008623203,13349
48,9787,4006.5057711098793,5780.49422889012,15068
21,3593,1514.392835613636,2078.6071643863643,4595
71,7852,4877.304960435537,2974.6950395644626,15402
55,7629,3341.830384542291,4287.169615457709,9955
70,4869,1990.0762649917463,2878.923735008254,18554
64,8971,3831.4141375180266,5139.585862481974,13996
18,8822,4810.846119591945,4011.1538804080546,19405
20,3989,3123.586196162941,865.4138038370588,1185
54,8062,5773.351142433311,2288.648857566689,3285
39,6340,2804.2145386557613,3535.7854613442387,3447
79,4823,2323.1744922931625,2499.8255077068375,10662
34,4932,2625.0872097430547,2306.9127902569453,4899
79,9554,7542.546923800162,2011.4530761998376,16060
31,3429,1324.2634579615844,2104.736542038416,1935
58,8444,4042.4936629427293,4401.506337057271,9445
79,8147,5415.417193838589,2731.582806161411,9274
52,8631,6749.199185237625,1881.800814762375,10335
75,4598,1737.2973141449825,2860.7026858550175,17669
30,5329,2204.553887950834,3124.446112049166,8545
52,7718,3186.3557484726703,4531.64425152733,7479
60,9218,2861.8757239289666,6356.124276071034,5255
19,1092,657.4471312395984,434.55286876040157,18269
73,9500,6035.839602192996,3464.1603978070043,5062
64,1051,631.9273552608206,419.0726447391794,7066
30,1318,442.40185002304463,875.5981499769554,10712
68,6688,2237.9055404933924,4450.094459506608,15991
71,8018,3248.839696966943,4769.160303033057,3022
33,8210,3654.6589869440445,4555.341013055955,1547
35,4956,3435.855179345097,1520.144820654903,12210
24,7057,2679.508552695068,4377.491447304932,4204
62,7875,2536.113102065283,5338.886897934717,7590
53,5431,2699.173077194801,2731.826922805199,1368
58,2525,1283.1951148041744,1241.8048851958256,11529
47,8043,4226.223860526879,3816.7761394731206,18141
59,2278,1625.2431366467172,652.7568633532828,15945
58,9705,3387.0712756612447,6317.928724338755,9709
24,7125,4645.29366862824,2479.70633137176,13644
32,8874,4161.664498727955,4712.335501272045,4917
77,7900,3594.4215389201063,4305.578461079894,19868
57,3500,2681.950470650465,818.0495293495351,11877
36,4464,1893.781746498168,2570.218253501832,13224
60,3259,2024.7056256854971,1234.2943743145029,3052
54,8496,3717.542713333639,4778.457286666361,8382
19,3659,2025.5197332905843,1633.4802667094157,17316
59,1255,869.8987901041644,385.1012098958356,7240
65,2502,1853.6348769188419,648.3651230811581,3238
72,5656,4068.6357955544026,1587.3642044455974,10407
30,6430,3800.7110667050165,2629.2889332949835,565
57,9598,4073.4694973081278,5524.530502691872,5558
58,4176,2633.4553042507755,1542.5446957492245,16375
60,2860,1873.1642154648393,986.8357845351607,17127
60,7158,2185.6666326162217,4972.333367383779,11103
72,6806,3536.433368701169,3269.566631298831,15174
75,5354,3863.6124886338625,1490.3875113661375,8722
48,1722,938.1349203652637,783.8650796347363,8753
33,8579,3909.344959159566,4669.655040840435,5629
59,1613,1187.0049023313904,425.99509766860956,6318
78,4331,1636.8596505007943,2694.1403494992055,301
73,6790,2737.881564053,4052.118435947,7506
61,4116,2649.4123311545627,1466.5876688454373,8701
74,1330,633.3699011151723,696.6300988848277,6962
23,3212,2108.7050381884487,1103.2949618115513,5429
45,6493,2459.8848064189406,4033.1151935810594,15866
49,8232,3507.939572797082,4724.060427202918,7248
61,6614,2502.232880248536,4111.767119751465,19829
27,6913,5367.634498832271,1545.3655011677292,2203
67,6913,3475.1787906812187,3437.8212093187813,19218
35,6611,3097.980412208252,3513.019587791748,2479
21,1319,405.06632199461933,913.9336780053807,10386
26,9085,3422.399354473956,5662.600645526044,434
24,5200,2654.953226230499,2545.046773769501,10230
67,5791,1935.649835891919,3855.350164108081,1706
25,1329,738.0862844568811,590.9137155431189,5725
60,9851,5196.4785421566385,4654.5214578433615,18288
24,7742,5292.307871272987,2449.6921287270134,3959
58,5916,3726.4963907421366,2189.5036092578634,14521
57,2793,1460.6654118801812,1332.3345881198188,11143
20,7457,3074.7474203417587,4382.252579658241,6825
34,9125,6053.8150199562415,3071.1849800437585,6347
19,6703,4383.299839726766,2319.7001602732344,12841
32,7170,2700.5667354476636,4469.433264552336,2713
63,7644,5789.381499707889,1854.618500292111,11561
46,8420,2797.145538423332,5622.854461576668,12787
67,5155,1688.3596946709758,3466.640305329024,6512
65,9411,3704.8773903105503,5706.12260968945,10596
69,3611,2725.3314708770567,885.6685291229433,19930
39,6691,3746.9537239655224,2944.0462760344776,15182
21,3593,2493.435863988865,1099.564136011135,18687
74,1095,453.24414547188405,641.755854528116,3221
69,7041,3838.126461768495,3202.873538231505,1082
23,6063,2905.054508975799,3157.945491024201,8637
55,9437,6737.2092824418305,2699.7907175581695,13123
43,4349,1353.8533533866382,2995.1466466133616,13042
28,8644,3647.088278913507,4996.911721086493,14133
43,7560,2844.730567862992,4715.269432137008,17976
34,6247,4557.776962446822,1689.223037553178,5608
41,6356,3392.6543543267876,2963.3456456732124,5526
45,5077,2549.2125814229294,2527.7874185770706,6472
52,5898,3094.9246654360845,2803.0753345639155,2775
48,2417,1899.670819523772,517.329180476228,15828
30,9846,7139.666382315754,2706.333617684246,12008
71,1110,725.0346683769208,384.96533162307924,17974
52,9281,4132.267610275513,5148.732389724487,15055
33,9954,3808.2660186033145,6145.7339813966855,18615
32,8391,6383.174790572094,2007.825209427906,5118
60,6132,3136.7495528940167,2995.2504471059833,7960
35,3504,1539.5801606690382,1964.4198393309618,17945
64,9289,4973.891778296707,4315.108221703293,12464
54,6239,4734.925035488089,1504.0749645119113,7596
65,1292,637.6454844507754,654.3545155492246,7240
79,2734,1589.3302432381518,1144.6697567618482,4942
65,6120,4293.076881392214,1826.923118607786,19622
66,7393,3796.795401020378,3596.204598979622,13536
58,3196,1331.9997994783366,1864.0002005216634,1600
44,4466,3560.5759961393132,905.4240038606868,5700
72,2906,2261.697455877988,644.302544122012,6071
52,2721,1963.8534095952618,757.1465904047382,10248
69,2816,1814.0304221753788,1001.9695778246212,12523
62,9444,4225.555495745109,5218.444504254891,17093
71,5227,3955.3047138916977,1271.6952861083023,19355
52,6775,2965.9482200356624,3809.0517799643376,17177
45,4849,3396.2626198439807,1452.7373801560193,19483
56,6228,4727.855934969228,1500.1440650307723,11047
78,7849,4721.188571767188,3127.8114282328124,5765
55,2058,1443.7448482100228,614.2551517899772,26
26,3322,2311.6055597741015,1010.3944402258985,6693
29,9378,3719.1166950062748,5658.883304993726,19485
32,1948,1234.9584372825864,713.0415627174136,6609
38,9179,3182.6710964229437,5996.328903577056,9314
69,5359,2968.4844585368814,2390.5155414631186,16258
52,6660,2538.244375308123,4121.7556246918775,5309
59,8254,4194.474381532874,4059.525618467126,11
50,9401,6735.732242120006,2665.267757879994,15389
68,3093,2454.555063988111,638.4449360118888,13671
36,2563,1176.3655242718,1386.6344757282,5774
72,9217,5216.61783784227,4000.38216215773,16563
40,1174,652.3319403054767,521.6680596945233,796
30,2334,1813.986561972854,520.0134380271461,7279
61,1321,712.404555271847,608.595444728153,7188
18,6698,4350.706681883588,2347.2933181164117,2024
68,6604,5024.948047724353,1579.0519522756467,7666
46,7742,3767.948403967108,3974.051596032892,3217
41,8436,6335.951600919045,2100.0483990809553,6584
33,9524,7226.126528645006,2297.873471354994,5285
42,6674,5107.820775738315,1566.1792242616848,7370
72,6002,2612.2090025997504,3389.7909974002496,17903
40,1910,955.3395925278103,954.6604074721897,6856
45,1949,1432.9008125659466,516.0991874340534,2432
64,6425,3081.3073605008453,3343.6926394991547,4866
33,3514,2108.8445788641684,1405.1554211358316,13566
60,8701,3123.896133834856,5577.103866165144,5054
73,1100,360.9512434611824,739.0487565388175,9108
55,5646,2856.8590323364033,2789.1409676635967,18454
28,7945,4683.245925724571,3261.754074275429,1781
20,3400,1687.5884927102002,1712.4115072897998,17900
32,6801,4004.890486431943,2796.109513568057,11062
18,3343,1863.8635347711386,1479.1364652288614,11774
24,1352,869.1380869973873,482.8619130026127,15958
18,3955,2470.9503824318085,1484.0496175681915,19674
66,2018,1033.4639145354395,984.5360854645605,9638
49,2179,1116.732314437441,1062.267685562559,1379
26,6193,2293.820129847876,3899.179870152124,9675
46,4536,2524.825081514769,2011.174918485231,10266
43,3502,2078.750653365605,1423.249346634395,17184
40,4819,2593.8012029240444,2225.1987970759556,15195
62,7855,3635.7155585541886,4219.284441445811,10929
60,1979,1307.7712345370926,671.2287654629074,5267
46,1976,666.5657049094814,1309.4342950905186,19879
69,3280,2483.682206396638,796.3177936033621,3257
55,6897,2140.288901273668,4756.711098726331,12069
50,1107,864.7607988580868,242.2392011419132,981
24,2626,1394.8729040272117,1231.1270959727883,10668
29,9895,5010.1845479575195,4884.8154520424805,18472
48,7229,3095.6169011206935,4133.383098879307,19336
49,7877,2402.7651645369474,5474.234835463052,11656
71,1874,819.6784777632264,1054.3215222367735,18510
37,6543,2320.8018561434824,4222.198143856518,8063
72,4809,3029.2392162562674,1779.7607837437326,18975
68,3107,1427.782969500248,1679.217030499752,9665
34,1559,1065.716286490654,493.28371350934594,19706
53,9308,3755.3879359088282,5552.612064091172,6437
20,5969,4477.450932006132,1491.5490679938684,10375
18,4046,2271.791605059099,1774.2083949409011,2861
67,1043,372.6149814585738,670.3850185414262,12842
44,1508,754.6373076827231,753.3626923172769,18039
70,7107,2866.823522281898,4240.1764777181015,18139
64,4439,1774.9018033802736,2664.0981966197264,6227
57,4928,2726.095033575043,2201.904966424957,11424
50,6411,4077.0498561223917,2333.9501438776083,9643
37,1916,1448.1302408722843,467.8697591277157,10310
31,1798,990.8436476765244,807.1563523234756,18951
53,5971,4674.811662936645,1296.188337063355,15233
22,2760,2127.4560958612487,632.5439041387513,13200
40,4275,3131.5711578415703,1143.4288421584297,19507
62,1818,999.8793338508385,818.1206661491615,10532
77,6040,2237.5299099377103,3802.4700900622897,9680
73,4065,1662.3908348997697,2402.6091651002303,10619
32,4259,2656.913270775152,1602.086729224848,7150
23,1906,973.7324962108389,932.2675037891611,1766
50,1602,598.1881070349511,1003.8118929650489,3549
72,5295,2856.6364393100744,2438.3635606899256,18693
36,4527,1397.5540397438808,3129.445960256119,9634
30,5543,3696.8910204482227,1846.1089795517773,1976
46,2811,946.7185094052604,1864.2814905947396,15560
78,8963,5508.27268763616,3454.7273123638397,12165
23,6249,4352.460706176185,1896.5392938238147,2490
32,5615,2056.897677529508,3558.102322470492,11995
33,9916,5546.210628322091,4369.789371677909,12019
41,7766,5354.9191582578205,2411.0808417421795,7425
40,1802,775.4307427360583,1026.5692572639418,12857
65,3582,1366.3836180658998,2215.6163819341,8689
27,7445,3487.309140576358,3957.690859423642,3976
71,4837,2792.6399585667496,2044.3600414332504,14205
58,9718,5710.683551399231,4007.316448600769,704
58,2665,973.8927143323679,1691.1072856676321,5452
66,9651,5103.29847445075,4547.70152554925,12849
34,7975,3462.275254713708,4512.724745286292,6094
66,3552,2561.0350112833526,990.9649887166474,3681
73,8475,3871.27462212133,4603.72537787867,18300
61,3808,2739.2934147124683,1068.7065852875317,9566
62,6633,3411.234537693844,3221.765462306156,7501
47,7096,4706.726297152256,2389.273702847744,1845
61,9823,5452.060812494562,4370.939187505438,6413
63,3456,2111.551414498327,1344.4485855016728,7990
27,6423,3196.5874346313317,3226.4125653686683,9628
72,5317,3637.377692216214,1679.6223077837858,13230
36,2556,1310.1920322071353,1245.8079677928647,19474
46,3205,1694.5822886537794,1510.4177113462206,17754
19,4955,2769.0489005421964,2185.9510994578036,18312
53,7805,5587.6936220013,2217.3063779986996,1636
36,1404,884.0840078782284,519.9159921217716,18227
24,2620,1243.4001064011322,1376.5998935988678,14707
43,3952,2510.1515967475284,1441.8484032524716,17215
32,9080,5640.616641458941,3439.3833585410594,5538
64,4118,3152.368689036311,965.631310963689,10317
73,8380,6039.5348669462155,2340.4651330537845,12454
55,7630,4759.0100141110115,2870.9899858889885,15449
20,1565,736.7293141102641,828.2706858897359,8455
55,5799,4000.0819134732515,1798.9180865267485,15059
33,8670,5094.527950427242,3575.472049572758,15630
19,3868,3065.9121569871436,802.0878430128564,1286
48,9776,4142.609956449202,5633.390043550798,1529
45,5327,1810.2633323194173,3516.7366676805827,10000
24,7413,2482.954000762678,4930.045999237322,6655
47,8614,5340.810882630687,3273.189117369313,1877
60,2245,1727.8196069531855,517.1803930468145,9941
75,9243,2781.828341898191,6461.171658101809,18862
79,1537,1018.8550495870518,518.1449504129482,13055
24,1540,967.940190550368,572.059809449632,16484
53,1814,1208.3999023430556,605.6000976569444,3087
46,2415,1153.6520286655202,1261.3479713344798,5828
41,2652,1883.5782856163157,768.4217143836843,18675
69,5062,1631.7532434211396,3430.24675657886,17077
56,3356,2274.413386843762,1081.586613156238,5406
21,4810,2085.308018944556,2724.691981055444,11432
46,1185,638.0263816034073,546.9736183965927,3491
61,2551,1814.5725643712346,736.4274356287654,13358
22,8013,3491.0999744932906,4521.900025506709,13354
72,1761,691.3752140024482,1069.624785997552,3392
46,7163,4589.023173323447,2573.976826676553,2268
79,8635,4893.432444080628,3741.5675559193724,5632
47,4281,2385.381481051208,1895.618518948792,3783
46,2536,1086.3837457020738,1449.6162542979262,14479
43,7201,2285.8865411050097,4915.11345889499,15387
36,4164,2103.380346006634,2060.619653993366,5969
43,3770,1331.8646206817425,2438.1353793182575,8981
54,8399,6324.401438151324,2074.5985618486757,8850
44,4845,1553.4289086102672,3291.571091389733,15172
47,4435,2287.6857691538657,2147.3142308461343,17402
68,5710,1862.1611414658635,3847.8388585341363,18337
70,1561,542.8719940978001,1018.1280059021999,3657
47,5717,3598.4703673965996,2118.5296326034004,18680
20,8623,5376.920201689809,3246.079798310191,17158
76,8187,2591.399159738987,5595.600840261013,19195
75,3180,955.7990454421836,2224.2009545578167,9572
60,2960,1004.6507543193203,1955.3492456806798,3182
24,4879,3325.0358109682834,1553.9641890317166,12979
78,6153,3644.3495184200115,2508.6504815799885,7867
66,8035,2563.640050044765,5471.359949955235,15155
74,4270,2323.0871288884864,1946.9128711115136,13006
26,5687,3730.755476784332,1956.2445232156679,4329
70,1582,1161.9405531292377,420.05944687076226,3097
58,1288,987.9194999844027,300.0805000155973,1404
59,6664,3090.23195576295,3573.76804423705,5101
30,8979,3303.5196873613563,5675.480312638643,1369
32,4859,2033.3115244170515,2825.6884755829487,6665
71,4060,2793.628128841654,1266.371871158346,18448
22,2183,1715.2750207186818,467.72497928131816,2765
46,5335,2844.604974308815,2490.395025691185,19201
52,2446,1107.246980168947,1338.753019831053,716
44,7679,3951.577239435552,3727.422760564448,13850
44,7213,3263.20860616267,3949.79139383733,1711
25,2903,1243.1916399351844,1659.8083600648156,6261
49,8894,5308.609595954727,3585.3904040452726,16392
37,3377,1039.6702028607297,2337.3297971392703,6086
27,1847,793.7965016421166,1053.2034983578833,14362
30,8370,5278.883995781279,3091.116004218721,11223
46,7341,2319.986126794128,5021.013873205872,16220
52,2239,764.8444335817527,1474.1555664182474,13392
78,6600,2948.20727779309,3651.79272220691,2246
71,5791,4278.983794372316,1512.016205627684,2822
25,3365,2296.420964478111,1068.5790355218892,17234
46,6055,1883.5791955576772,4171.420804442323,17491
48,6622,3647.771136055597,2974.228863944403,16683
58,1372,600.0356208753678,771.9643791246322,9669
47,8783,5483.427411771049,3299.5725882289507,1082
39,2949,1948.6311998840586,1000.3688001159414,11148
38,1244,909.9005229744137,334.09947702558634,8167
29,8795,4729.142902664903,4065.857097335097,9557
28,6772,5398.807999815349,1373.192000184651,19184
19,1124,887.9521922953554,236.04780770464458,11728
67,2919,2163.222334365473,755.7776656345268,3951
58,1530,898.7751637959241,631.2248362040759,14677
19,8849,4415.67948273563,4433.32051726437,15969
51,7929,3823.3095265491775,4105.6904734508225,8967
20,5349,1637.1276441096734,3711.8723558903266,6768
33,5756,2443.924203063531,3312.075796936469,17836
68,2801,1846.990933046305,954.0090669536951,18065
21,6156,3704.7796034708585,2451.2203965291415,14039
40,8856,6714.717453633839,2141.282546366161,2303
74,6461,2099.8969332739402,4361.10306672606,15163
67,6302,2379.8765766117685,3922.1234233882315,7157
37,8432,5857.0518159085805,2574.9481840914195,18235
42,7189,3445.3556803316274,3743.6443196683726,18281
47,2142,769.3478524118473,1372.6521475881527,16129
35,8076,6446.4671395941605,1629.5328604058395,9519
59,8614,5974.887053596945,2639.1129464030546,244
28,5840,2945.5238273337177,2894.4761726662823,8948
46,2629,1870.9902584457013,758.0097415542987,9015
34,6062,3881.510330331154,2180.489669668846,11019
43,1762,1224.567763181023,537.4322368189769,2779
73,7905,5593.603207328231,2311.3967926717687,18230
74,5889,2016.183607948341,3872.816392051659,13723
40,5839,3570.469345605395,2268.530654394605,12803
73,4957,1503.9179930530672,3453.082006946933,16857
69,1557,500.9306877454613,1056.0693122545388,13698
65,5621,4226.93581545144,1394.0641845485598,1792
37,1839,1036.7948417875828,802.2051582124172,15376
62,9194,6141.141429037609,3052.8585709623912,18118
19,9348,6723.553629331264,2624.4463706687357,13117
41,7998,6196.797483490775,1801.2025165092246,7215
48,1510,1109.3614001817107,400.6385998182893,5188
44,2137,1157.5182829330586,979.4817170669414,16018
19,6606,3091.5099252778296,3514.4900747221704,14701
74,5666,2137.479338171706,3528.520661828294,5281
31,9906,4954.592302759497,4951.407697240503,944
21,6434,3109.2098441614626,3324.7901558385374,1511
66,7446,4317.097136601717,3128.9028633982834,12718
30,3654,2312.085689799429,1341.914310200571,17242
53,1990,1570.4338490628222,419.5661509371778,19944
52,8820,5858.18308070423,2961.8169192957703,8369
61,3160,1965.1226812598186,1194.8773187401814,12120
71,6740,3151.2615034843143,3588.7384965156857,13721
72,5457,1731.2438270256823,3725.7561729743175,2615
25,3063,1360.1636348409604,1702.8363651590396,17997
19,2977,2036.934699834141,940.0653001658591,15629
23,9567,3852.0183288349854,5714.981671165015,2840
48,9933,6516.98266388249,3416.0173361175102,14051
71,3667,2163.126341351024,1503.8736586489758,1774
27,5919,2284.310406026501,3634.689593973499,13262
61,9609,4139.6763818290965,5469.3236181709035,3871
38,8642,4737.1278706650655,3904.8721293349345,8273
59,9798,4989.017680323344,4808.982319676656,17229
27,9759,6726.702294104413,3032.2977058955867,9408
40,1543,1029.493181722115,513.506818277885,3260
20,1883,1105.8618950198456,777.1381049801544,3145
49,5798,4123.174388560011,1674.8256114399892,7802
37,9040,5255.2663238930745,3784.7336761069255,2263
27,6718,5254.783513111737,1463.2164868882628,8155
46,3068,1253.6217680977588,1814.3782319022412,922
58,8478,5570.605520879525,2907.394479120475,6695
69,9120,4422.945242168374,4697.054757831626,5758
68,8820,3876.240917393055,4943.7590826069445,12576
63,2786,1087.079754023024,1698.920245976976,19014
51,6715,3869.5304215481333,2845.4695784518667,7816
54,9269,3779.2930860762194,5489.706913923781,7556
37,2308,923.6048825714604,1384.3951174285396,16225
78,9839,7824.621707059843,2014.3782929401568,5930
78,9744,6829.313414872547,2914.6865851274533,11633
25,9473,6386.1131591348485,3086.8868408651515,3512
24,5861,4085.2946641494136,1775.7053358505864,6066
23,3776,2962.1263855809857,813.8736144190143,13207
28,2596,1522.913142001658,1073.086857998342,14322
61,1479,606.5703473394153,872.4296526605847,2060
35,4312,3152.523985463983,1159.476014536017,14013
68,7156,4804.290549986734,2351.709450013266,19418
59,8919,4523.307918854244,4395.692081145756,2387
74,7744,4156.861098481031,3587.138901518969,8031
46,4898,2476.5571238747502,2421.4428761252498,1799
42,3072,2349.9911581117503,722.0088418882497,2780
38,6624,3124.97669728235,3499.02330271765,1127
63,1938,1515.0162660178312,422.9837339821688,7365
20,9176,6929.126886513122,2246.8731134868776,14635
35,1761,1083.4738657495166,677.5261342504834,7611
41,8254,4869.124457584008,3384.8755424159917,12646
64,2669,1294.584144253376,1374.415855746624,7535
55,8128,2512.927212939281,5615.072787060719,14504
27,4862,1768.851965743978,3093.1480342560217,9364
44,3685,2495.1712132715434,1189.8287867284566,2808
29,7634,4090.0686631870267,3543.9313368129733,13055
24,2931,1098.8877856524673,1832.1122143475327,4297
34,8308,3588.893388063792,4719.106611936208,11209
18,4939,3822.383224172166,1116.6167758278339,448
75,2126,1028.0622039348118,1097.9377960651882,5008
67,7021,5292.717468691838,1728.282531308162,17177
43,7437,3363.888342383665,4073.111657616335,16820
32,8039,4595.173169308803,3443.826830691197,6012
68,6373,1977.1502261336434,4395.849773866356,1620
77,2203,1235.745434076495,967.254565923505,13584
50,5135,3175.848612242793,1959.151387757207,948
79,9711,4050.968409831667,5660.031590168333,9319
54,8904,5248.628308466249,3655.371691533751,16575
64,3283,2047.2258978216928,1235.7741021783072,12204
48,5558,3576.2564118229016,1981.7435881770984,11952
52,6347,4368.015942437144,1978.984057562856,17787
18,8867,4040.422533527568,4826.577466472432,18374
25,6944,4054.5215927314807,2889.4784072685193,1104
29,9674,7650.097766971343,2023.902233028657,548
76,3477,2604.5236407013754,872.4763592986246,11640
71,4093,3177.529798603307,915.470201396693,7903
74,9534,4700.9122117857,4833.0877882143,18168
36,8207,5691.259482546951,2515.7405174530486,10613
42,7227,4408.101248686017,2818.8987513139828,17188
74,4535,1548.1018008436315,2986.8981991563687,8990
49,8004,5698.769517406576,2305.2304825934243,11467
29,3913,2498.648647193184,1414.351352806816,4238
30,3340,1334.1919903904954,2005.8080096095046,19644
45,6289,2137.437893836941,4151.562106163059,4367
18,1597,1147.462171322692,449.53782867730797,5651
68,9836,3338.839197437727,6497.160802562274,16204
23,8145,2815.538616704813,5329.461383295187,19755
25,3902,2004.4735697013193,1897.5264302986807,2093
21,7645,2808.764699133451,4836.235300866549,4001
22,9955,7534.290421271136,2420.7095787288636,7810
42,8694,4652.524270936289,4041.475729063711,11272
39,5830,3408.075108608076,2421.924891391924,4554
45,8546,6529.597320339867,2016.402679660133,18901
56,8368,4729.021336070851,3638.9786639291488,8697
40,3160,1506.6740106125633,1653.3259893874367,17480
21,6878,4804.816408900646,2073.183591099354,12371
69,8663,4517.105630363875,4145.894369636125,9236
21,4749,2180.905651092674,2568.094348907326,13769
79,3922,2594.852968325453,1327.1470316745472,7061
64,7486,5246.210047562619,2239.7899524373806,18588
76,9112,6340.658859513941,2771.341140486059,3902
38,9771,7707.728350225801,2063.2716497741994,1352
54,4804,3330.77401119766,1473.22598880234,1596
73,5878,4026.2343682531887,1851.7656317468113,8767
58,3368,2454.405167291795,913.5948327082051,679
19,9093,2728.7419904107305,6364.25800958927,12020
76,4932,2373.3558599890425,2558.6441400109575,12096
24,6608,4419.44062929773,2188.55937070227,11385
66,7635,4579.927324913484,3055.072675086516,8509
33,7395,2875.072479730406,4519.9275202695935,5734
34,7101,3208.7043328088803,3892.2956671911197,15675
37,6531,3059.0962714886195,3471.9037285113805,12693
75,5970,3485.966911849363,2484.033088150637,19380
40,7344,5256.828944531632,2087.1710554683677,7407
51,9408,7208.841332074206,2199.1586679257944,11786
28,1375,928.1885338368768,446.8114661631232,2542
51,8887,6411.750058750654,2475.249941249346,17062
50,2609,1395.9401778000029,1213.0598221999971,5366
43,3939,1949.362491996095,1989.637508003905,7410
19,5062,2512.5452948570132,2549.4547051429868,9835
78,2613,1588.7543372761538,1024.2456627238462,13647
40,7578,2744.1328773509604,4833.86712264904,5541
58,8851,5219.851505938301,3631.1484940616992,17218
39,4679,2959.778326399826,1719.2216736001742,10433
75,8540,4436.140320680639,4103.859679319361,10547
51,8074,6270.135892625202,1803.8641073747976,9860
77,4996,3018.1167544041787,1977.8832455958213,10745
32,5786,2372.2584731805564,3413.7415268194436,6818
27,6695,3612.6764217586956,3082.3235782413044,14101
32,7998,5100.34234410404,2897.6576558959596,5028
59,3366,1554.4678166689462,1811.5321833310538,15798
46,7764,2638.3687156139877,5125.631284386012,10954
74,9976,5902.976945937894,4073.023054062106,12770
40,2614,2023.066310385922,590.933689614078,9438
76,5555,3013.7874399017155,2541.2125600982845,18156
34,3416,2572.4343097451406,843.5656902548594,18548
77,8288,5946.7377502123,2341.2622497877,7111
26,7862,2938.0796524651887,4923.920347534811,19219
67,4653,3043.4573231504555,1609.5426768495445,19049
53,7639,3954.9605730124217,3684.0394269875783,6113
26,1496,635.9842512966768,860.0157487033232,2563
33,1504,967.7776434613605,536.2223565386395,15889
53,8699,5839.902795796105,2859.0972042038948,8498
65,6733,2625.520957020835,4107.479042979165,8131
68,9055,6856.648298009484,2198.3517019905157,2696
50,4216,2848.2183902496377,1367.7816097503623,7704
72,6688,5127.607669130743,1560.3923308692574,16442
48,5364,2459.5903727242194,2904.4096272757806,9765
23,7042,5419.998590431057,1622.001409568943,17524
27,2477,1199.5091192328346,1277.4908807671654,10002
33,5960,1948.8298890536273,4011.170110946373,11390
21,3397,2315.003506722276,1081.9964932777239,11668
71,9301,6061.964624082829,3239.035375917171,18946
39,9841,5894.321037431727,3946.678962568273,19236
30,7194,3920.3477985498735,3273.6522014501265,16244
33,8570,2708.8281833324754,5861.171816667525,6641
69,8730,5345.367002885473,3384.632997114527,941
79,2499,1270.5348517208806,1228.4651482791194,12815
46,8235,4777.162215785841,3457.837784214159,6541
23,1595,820.88377021919,774.11622978081,15624
43,1978,1548.8295153047818,429.1704846952182,9966
28,1730,1041.5541994954826,688.4458005045174,1421
41,1056,712.3967825581026,343.6032174418974,5765
46,3243,2491.1865753243615,751.8134246756385,16819
20,6879,4098.505871172126,2780.494128827874,17223
69,2701,826.5904303191522,1874.4095696808477,4001
27,8229,2609.7931104087265,5619.2068895912735,12647
78,2286,1488.572830178428,797.4271698215721,5248
77,9303,4089.064510807695,5213.935489192305,4959
79,1947,1148.1261645732282,798.8738354267718,18034
18,5121,2054.2307221826577,3066.7692778173423,18645
69,7553,3286.4948766705634,4266.505123329436,3889
60,1757,970.4271676503841,786.5728323496159,1326
43,6651,5239.556250390651,1411.4437496093487,5901
75,8273,5031.102878613821,3241.8971213861787,3358
29,4535,3483.2158269832803,1051.7841730167197,1585
31,3293,2567.518930248109,725.481069751891,13500
42,2104,850.1317162343738,1253.868283765626,11560
25,9853,4488.9952825632545,5364.0047174367455,16772
60,1908,1306.9726362826439,601.0273637173561,15818
21,7539,5528.966906637221,2010.0330933627793,19175
45,5617,3143.3483110562884,2473.6516889437116,3332
24,8069,6427.870568443375,1641.1294315566247,17087
27,3311,1012.4577750393499,2298.54222496065,2820
68,1789,804.6856304209754,984.3143695790246,15472
74,1171,716.1612068174514,454.83879318254856,4959
